{
    "model": "Bates_Ana_naive",
    "market": {
        "S0": 6864.976024113983,
        "r_sample": {
            "0.0200Y": 0.04215979499182047,
            "0.0400Y": 0.04207559904349643,
            "0.0833Y": 0.04189984337089562,
            "0.2500Y": 0.04130066155708225,
            "0.5000Y": 0.04059951815745586,
            "1.0000Y": 0.03970011807146322
        },
        "q_sample": {
            "0.0200Y": 0.017185066132220345,
            "0.0400Y": 0.015933530142518335,
            "0.0833Y": 0.013019381527890605,
            "0.2500Y": 0.010518294392164132,
            "0.5000Y": 0.010500023481434586,
            "1.0000Y": 0.010752399141325692
        }
    },
    "analytical": {
        "kappa": 1.332501263146518,
        "theta": 0.06607239712544212,
        "xi": 1.086531368446139,
        "rho": -0.8009014235448392,
        "v0": 0.024307931703202366,
        "lamb": 0.7509460199596968,
        "mu_j": -0.09309983598506934,
        "sigma_j": 0.0650636828136905,
        "rmse": 6.918463760787747
    }
}