{
    "model": "Bates_MC_naive",
    "market": {
        "S0": 6864.976024113983,
        "r_sample": {
            "0.0200Y": 0.04215979499182047,
            "0.0400Y": 0.04207559904349643,
            "0.0833Y": 0.04189984337089562,
            "0.2500Y": 0.04130066155708225,
            "0.5000Y": 0.04059951815745586,
            "1.0000Y": 0.03970011807146322
        },
        "q_sample": {
            "0.0200Y": 0.017185066132220345,
            "0.0400Y": 0.015933530142518335,
            "0.0833Y": 0.013019381527890605,
            "0.2500Y": 0.010518294392164132,
            "0.5000Y": 0.010500023481434586,
            "1.0000Y": 0.010752399141325692
        }
    },
    "analytical": {
        "kappa": 1.975735622466644,
        "theta": 0.0497376491095219,
        "xi": 0.8771245653999992,
        "rho": -0.8086647564876074,
        "v0": 0.022016917034711644,
        "lamb": 0.31222266087829303,
        "mu_j": -0.13411621241978258,
        "sigma_j": 0.14392549216820133,
        "rmse": 9.478895411326505
    }
}