{
    "model": "Bates_Ana_naive",
    "market": {
        "S0": 6864.988086184748,
        "r_sample": {
            "0.0200Y": 0.04215979499182047,
            "0.0400Y": 0.04207559904349643,
            "0.0833Y": 0.04189984337089562,
            "0.2500Y": 0.04130066155708225,
            "0.5000Y": 0.04059951815745586,
            "1.0000Y": 0.03970011807146322
        },
        "q_sample": {
            "0.0200Y": 0.017200751900370084,
            "0.0400Y": 0.015939846659048226,
            "0.0833Y": 0.013017031754263745,
            "0.2500Y": 0.010518314676202222,
            "0.5000Y": 0.010500109131539127,
            "1.0000Y": 0.010752583504057044
        }
    },
    "analytical": {
        "kappa": 1.1521029491629269,
        "theta": 0.08767491224803078,
        "xi": 1.383331169052555,
        "rho": -0.7843876982373206,
        "v0": 0.025477329983193447,
        "lamb": 0.9915057643478116,
        "mu_j": -0.08316368070187027,
        "sigma_j": 0.05113254481176813,
        "rmse": 6.930586466257143
    }
}