{
    "model": "Bates_Ana_accel",
    "market": {
        "S0": 6864.976024113983,
        "r_sample": {
            "0.0200Y": 0.04215979499182047,
            "0.0400Y": 0.04207559904349643,
            "0.0833Y": 0.04189984337089562,
            "0.2500Y": 0.04130066155708225,
            "0.5000Y": 0.04059951815745586,
            "1.0000Y": 0.03970011807146322
        },
        "q_sample": {
            "0.0200Y": 0.017185066132220345,
            "0.0400Y": 0.015933530142518335,
            "0.0833Y": 0.013019381527890605,
            "0.2500Y": 0.010518294392164132,
            "0.5000Y": 0.010500023481434586,
            "1.0000Y": 0.010752399141325692
        }
    },
    "analytical": {
        "kappa": 1.2304751543168813,
        "theta": 0.08636172010921726,
        "xi": 1.3812701372526037,
        "rho": -0.7803739837862053,
        "v0": 0.026326579668535646,
        "lamb": 0.6764586731309254,
        "mu_j": -0.10744339618882551,
        "sigma_j": 0.03254588276127804,
        "rmse": 8.858230068775967
    }
}