{
    "model": "Bates_Ana_accel",
    "market": {
        "S0": 6864.989219257249,
        "r_sample": {
            "0.0200Y": 0.04215979499182047,
            "0.0400Y": 0.04207559904349643,
            "0.0833Y": 0.04189984337089562,
            "0.2500Y": 0.04130066155708225,
            "0.5000Y": 0.04059951815745586,
            "1.0000Y": 0.03970011807146322
        },
        "q_sample": {
            "0.0200Y": 0.017202229752585552,
            "0.0400Y": 0.01594044124111974,
            "0.0833Y": 0.013016810938207644,
            "0.2500Y": 0.010518316582073745,
            "0.5000Y": 0.010500117054998983,
            "1.0000Y": 0.01075260079603894
        }
    },
    "analytical": {
        "kappa": 5.417685085693254,
        "theta": 0.054085549468223866,
        "xi": 1.6499171194138036,
        "rho": -0.7872476339261758,
        "v0": 0.03408753542320804,
        "lamb": 0.0,
        "mu_j": 0.2545090598517398,
        "sigma_j": 0.2214149649544707,
        "rmse": 7.755490065138803
    }
}