{
    "model": "Bates_MC_naive",
    "market": {
        "S0": 6864.993659442974,
        "r_sample": {
            "0.0200Y": 0.04215979499182047,
            "0.0400Y": 0.04207559904349643,
            "0.0833Y": 0.04189984337089562,
            "0.2500Y": 0.04130066155708225,
            "0.5000Y": 0.04059951815745586,
            "1.0000Y": 0.03970011807146322
        },
        "q_sample": {
            "0.0200Y": 0.017208028643157593,
            "0.0400Y": 0.01594277352455367,
            "0.0833Y": 0.01301594548139592,
            "0.2500Y": 0.010518324054416692,
            "0.5000Y": 0.010500148715338683,
            "1.0000Y": 0.010752668689573927
        }
    },
    "analytical": {
        "kappa": 1.0146563898773826,
        "theta": 0.07895449593305767,
        "xi": 0.8247340863772687,
        "rho": -0.7283092662307229,
        "v0": 0.022191503459503624,
        "lamb": 0.13637735415104635,
        "mu_j": -0.2502740920527193,
        "sigma_j": 0.11387774628428876,
        "rmse": 11.678184994538606
    }
}