{
    "model": "Bates_Ana_naive",
    "market": {
        "S0": 6864.993659442974,
        "r_sample": {
            "0.0200Y": 0.04215979499182047,
            "0.0400Y": 0.04207559904349643,
            "0.0833Y": 0.04189984337089562,
            "0.2500Y": 0.04130066155708225,
            "0.5000Y": 0.04059951815745586,
            "1.0000Y": 0.03970011807146322
        },
        "q_sample": {
            "0.0200Y": 0.017208028643157593,
            "0.0400Y": 0.01594277352455367,
            "0.0833Y": 0.01301594548139592,
            "0.2500Y": 0.010518324054416692,
            "0.5000Y": 0.010500148715338683,
            "1.0000Y": 0.010752668689573927
        }
    },
    "analytical": {
        "kappa": 1.2847864815802068,
        "theta": 0.06775962270889782,
        "xi": 1.0693553297453875,
        "rho": -0.7938212127520423,
        "v0": 0.024652561833224805,
        "lamb": 0.5333812387135907,
        "mu_j": -0.12218983480232272,
        "sigma_j": 0.04888251071151861,
        "rmse": 6.963885902755731
    }
}