{
    "model": "Bates_MC_accel",
    "market": {
        "S0": 6864.976024113983,
        "r_sample": {
            "0.0200Y": 0.04215979499182047,
            "0.0400Y": 0.04207559904349643,
            "0.0833Y": 0.04189984337089562,
            "0.2500Y": 0.04130066155708225,
            "0.5000Y": 0.04059951815745586,
            "1.0000Y": 0.03970011807146322
        },
        "q_sample": {
            "0.0200Y": 0.017185066132220345,
            "0.0400Y": 0.015933530142518335,
            "0.0833Y": 0.013019381527890605,
            "0.2500Y": 0.010518294392164132,
            "0.5000Y": 0.010500023481434586,
            "1.0000Y": 0.010752399141325692
        }
    },
    "analytical": {
        "kappa": 1.1497274258582661,
        "theta": 0.03618048297295027,
        "xi": 0.5391977533652755,
        "rho": -0.8073923052128741,
        "v0": 0.020159716200385137,
        "lamb": 0.0998750748045052,
        "mu_j": -0.22464490418561092,
        "sigma_j": 0.18597331326129576,
        "rmse": 30.42814752485271
    }
}