{
    "model": "Bates_Ana_accel",
    "market": {
        "S0": 6864.993659442974,
        "r_sample": {
            "0.0200Y": 0.04215979499182047,
            "0.0400Y": 0.04207559904349643,
            "0.0833Y": 0.04189984337089562,
            "0.2500Y": 0.04130066155708225,
            "0.5000Y": 0.04059951815745586,
            "1.0000Y": 0.03970011807146322
        },
        "q_sample": {
            "0.0200Y": 0.017208028643157593,
            "0.0400Y": 0.01594277352455367,
            "0.0833Y": 0.01301594548139592,
            "0.2500Y": 0.010518324054416692,
            "0.5000Y": 0.010500148715338683,
            "1.0000Y": 0.010752668689573927
        }
    },
    "analytical": {
        "kappa": 1.4689384693405652,
        "theta": 0.04900644449311684,
        "xi": 0.7146215807013545,
        "rho": -0.7360831449905225,
        "v0": 0.026745830559199452,
        "lamb": 0.05248553692353936,
        "mu_j": -0.4996852036152329,
        "sigma_j": 0.22630282916955455,
        "rmse": 8.848696923820668
    }
}