{
    "model": "Bates_Ana_naive",
    "market": {
        "S0": 6864.991812828154,
        "r_sample": {
            "0.0200Y": 0.04215979499182047,
            "0.0400Y": 0.04207559904349643,
            "0.0833Y": 0.04189984337089562,
            "0.2500Y": 0.04130066155708225,
            "0.5000Y": 0.04059951815745586,
            "1.0000Y": 0.03970011807146322
        },
        "q_sample": {
            "0.0200Y": 0.017205615526453447,
            "0.0400Y": 0.015941803145148082,
            "0.0833Y": 0.01301630544083316,
            "0.2500Y": 0.010518320943287213,
            "0.5000Y": 0.01050013558814255,
            "1.0000Y": 0.010752640485136798
        }
    },
    "analytical": {
        "kappa": 1.2921171403703111,
        "theta": 0.06692610388062235,
        "xi": 1.0636136819260842,
        "rho": -0.7919992102839886,
        "v0": 0.02463310536776387,
        "lamb": 0.5277482711199994,
        "mu_j": -0.12267707271272854,
        "sigma_j": 0.05152449684662536,
        "rmse": 6.954527370329825
    }
}