{
    "model": "Bates_MC_naive",
    "market": {
        "S0": 6864.976024113983,
        "r_sample": {
            "0.0200Y": 0.04215979499182047,
            "0.0400Y": 0.04207559904349643,
            "0.0833Y": 0.04189984337089562,
            "0.2500Y": 0.04130066155708225,
            "0.5000Y": 0.04059951815745586,
            "1.0000Y": 0.03970011807146322
        },
        "q_sample": {
            "0.0200Y": 0.017185066132220345,
            "0.0400Y": 0.015933530142518335,
            "0.0833Y": 0.013019381527890605,
            "0.2500Y": 0.010518294392164132,
            "0.5000Y": 0.010500023481434586,
            "1.0000Y": 0.010752399141325692
        }
    },
    "analytical": {
        "kappa": 1.225636178311468,
        "theta": 0.05976050961518079,
        "xi": 0.8101881140930409,
        "rho": -0.7440931945325071,
        "v0": 0.024681892310290936,
        "lamb": 0.12392954229669359,
        "mu_j": -0.21956075485012272,
        "sigma_j": 0.21479493677915956,
        "rmse": 7.775928550319033
    }
}