{
    "model": "Bates_MC_accel",
    "market": {
        "S0": 6864.993659442974,
        "r_sample": {
            "0.0200Y": 0.04215979499182047,
            "0.0400Y": 0.04207559904349643,
            "0.0833Y": 0.04189984337089562,
            "0.2500Y": 0.04130066155708225,
            "0.5000Y": 0.04059951815745586,
            "1.0000Y": 0.03970011807146322
        },
        "q_sample": {
            "0.0200Y": 0.017208028643157593,
            "0.0400Y": 0.01594277352455367,
            "0.0833Y": 0.01301594548139592,
            "0.2500Y": 0.010518324054416692,
            "0.5000Y": 0.010500148715338683,
            "1.0000Y": 0.010752668689573927
        }
    },
    "analytical": {
        "kappa": 1.304011774226164,
        "theta": 0.04994528833792679,
        "xi": 0.842313889433071,
        "rho": -0.46606153023480407,
        "v0": 0.023227414849991326,
        "lamb": 0.0609309189794995,
        "mu_j": -0.06144715070128871,
        "sigma_j": 0.07549953155365109,
        "rmse": 36.31313946241176
    }
}