{
    "model": "Bates_Ana_naive",
    "market": {
        "S0": 6864.991214805587,
        "r_sample": {
            "0.0200Y": 0.04215979499182047,
            "0.0400Y": 0.04207559904349643,
            "0.0833Y": 0.04189984337089562,
            "0.2500Y": 0.04130066155708225,
            "0.5000Y": 0.04059951815745586,
            "1.0000Y": 0.03970011807146322
        },
        "q_sample": {
            "0.0200Y": 0.017204834466163606,
            "0.0400Y": 0.01594148900467463,
            "0.0833Y": 0.013016422004814966,
            "0.2500Y": 0.010518319939648994,
            "0.5000Y": 0.010500131259987333,
            "1.0000Y": 0.010752631303871505
        }
    },
    "analytical": {
        "kappa": 1.2672294997015154,
        "theta": 0.06741491691238331,
        "xi": 1.0722671394208572,
        "rho": -0.7942123943414302,
        "v0": 0.024319855469422114,
        "lamb": 0.6393747896126675,
        "mu_j": -0.10781061052157909,
        "sigma_j": 0.05949009161839574,
        "rmse": 6.968138900729998
    }
}