{
    "model": "Bates_Ana_accel",
    "market": {
        "S0": 6864.991214805587,
        "r_sample": {
            "0.0200Y": 0.04215979499182047,
            "0.0400Y": 0.04207559904349643,
            "0.0833Y": 0.04189984337089562,
            "0.2500Y": 0.04130066155708225,
            "0.5000Y": 0.04059951815745586,
            "1.0000Y": 0.03970011807146322
        },
        "q_sample": {
            "0.0200Y": 0.017204834466163606,
            "0.0400Y": 0.01594148900467463,
            "0.0833Y": 0.013016422004814966,
            "0.2500Y": 0.010518319939648994,
            "0.5000Y": 0.010500131259987333,
            "1.0000Y": 0.010752631303871505
        }
    },
    "analytical": {
        "kappa": 0.10000000346252383,
        "theta": 0.0010004222015957218,
        "xi": 5.0,
        "rho": -0.9866281806624764,
        "v0": 0.001,
        "lamb": 0.017001679268067088,
        "mu_j": 0.5,
        "sigma_j": 0.010001248489819222,
        "rmse": 130.7779245029192
    }
}