{
    "model": "Bates_MC_Validation",
    "market": {
        "S0": 6908.657764630593,
        "r_sample": {
            "0.0200Y": 0.04193552996879644,
            "0.0400Y": 0.04187822354304467,
            "0.0833Y": 0.04175390738287046,
            "0.2500Y": 0.04127662991389843,
            "0.5000Y": 0.04058985612544402,
            "1.0000Y": 0.0394779815121341
        },
        "q_sample": {
            "0.0200Y": -0.008322272660215443,
            "0.0400Y": -0.0015250399844707503,
            "0.0833Y": 0.012672784967636103,
            "0.2500Y": 0.009661463740580073,
            "0.5000Y": 0.009915286160214228,
            "1.0000Y": 0.00985943045424237
        }
    },
    "analytical": {
        "kappa": 1.5089667877425943,
        "theta": 0.04296827465506642,
        "xi": 0.5468827873408842,
        "rho": -0.843703208293277,
        "v0": 0.017541161103483253,
        "lamb": 0.1486755281571362,
        "mu_j": -0.20900121221592713,
        "sigma_j": 0.274447731644569,
        "rmse": 6.416513815603714
    },
    "notes": "Includes Bid/Ask/Spread for MC re-simulation"
}