{
    "model": "Bates_MC_Validation_Analytic",
    "market": {
        "S0": 278.1199951171875,
        "r_sample": {
            "0.0200Y": 0.04190819020622232,
            "0.0400Y": 0.04184773564202585,
            "0.0833Y": 0.04171374805418569,
            "0.2500Y": 0.04116872074961505,
            "0.5000Y": 0.04032278212113984,
            "1.0000Y": 0.03889441743280985
        },
        "q_sample": {
            "0.0200Y": 0.0037,
            "0.0400Y": 0.0037,
            "0.0833Y": 0.0037,
            "0.2500Y": 0.0037,
            "0.5000Y": 0.0037,
            "1.0000Y": 0.0037
        }
    },
    "parameters": {
        "kappa": 1.7689171680278652,
        "theta": 0.11340262907659421,
        "xi": 1.2281722817645935,
        "rho": -0.46849705029897915,
        "v0": 0.05515284547870622,
        "lamb": 0.22727167504304735,
        "mu_j": -0.07452082787933649,
        "sigma_j": 0.1828618370444307,
        "rmse": 0.5463106564339866
    },
    "notes": "Calibrated via MC, Verified via Analytic Formula"
}