{
    "model": "Bates_MC_Validation",
    "market": {
        "S0": 6908.5988500544745,
        "r_sample": {
            "0.0200Y": 0.04193552996879644,
            "0.0400Y": 0.04187822354304467,
            "0.0833Y": 0.04175390738287046,
            "0.2500Y": 0.04127662991389843,
            "0.5000Y": 0.04058985612544402,
            "1.0000Y": 0.0394779815121341
        },
        "q_sample": {
            "0.0200Y": -0.00800663270412514,
            "0.0400Y": -0.0013454337392943723,
            "0.0833Y": 0.012679504288193673,
            "0.2500Y": 0.009660951655853808,
            "0.5000Y": 0.009915687643496632,
            "1.0000Y": 0.009858555108104346
        }
    },
    "analytical": {
        "kappa": 0.27162542075738183,
        "theta": 0.17431856635674026,
        "xi": 0.7640190618584625,
        "rho": -0.777060295928621,
        "v0": 0.019732094769841498,
        "lamb": 0.500585483089044,
        "mu_j": -0.12204155061664863,
        "sigma_j": 0.08037723329423091,
        "rmse": 5.263338824323713
    },
    "notes": "Includes Bid/Ask/Spread for MC re-simulation"
}