{
    "model": "Bates_MC_Validation",
    "market": {
        "S0": 6908.594998217133,
        "r_sample": {
            "0.0200Y": 0.04193552996879644,
            "0.0400Y": 0.04187822354304467,
            "0.0833Y": 0.04175390738287046,
            "0.2500Y": 0.04127662991389843,
            "0.5000Y": 0.04058985612544402,
            "1.0000Y": 0.0394779815121341
        },
        "q_sample": {
            "0.0200Y": -0.007984287998641431,
            "0.0400Y": -0.0013324270882210535,
            "0.0833Y": 0.012680122938964162,
            "0.2500Y": 0.009660877743456081,
            "0.5000Y": 0.00991571402779221,
            "1.0000Y": 0.009858497963766049
        }
    },
    "analytical": {
        "kappa": 1.4212187714922653,
        "theta": 0.06151893181301876,
        "xi": 0.9141576432059365,
        "rho": -0.7633259714921331,
        "v0": 0.022167038548191742,
        "lamb": 0.27302229579889087,
        "mu_j": -0.1455830604007301,
        "sigma_j": 0.09470767023240238,
        "rmse": 4.589534028940193
    },
    "notes": "Includes Bid/Ask/Spread for MC re-simulation"
}