{
    "model": "Bates_MC_Validation",
    "market": {
        "S0": 6908.6600476210515,
        "r_sample": {
            "0.0200Y": 0.04193552996879644,
            "0.0400Y": 0.04187822354304467,
            "0.0833Y": 0.04175390738287046,
            "0.2500Y": 0.04127662991389843,
            "0.5000Y": 0.04058985612544402,
            "1.0000Y": 0.0394779815121341
        },
        "q_sample": {
            "0.0200Y": -0.008334207837196274,
            "0.0400Y": -0.001531772693758952,
            "0.0833Y": 0.012672524042751774,
            "0.2500Y": 0.00966146028935464,
            "0.5000Y": 0.009915270814621872,
            "1.0000Y": 0.009859464483681276
        }
    },
    "analytical": {
        "kappa": 1.2299216088627907,
        "theta": 0.08726007657342594,
        "xi": 0.7628032165951981,
        "rho": -0.17060447165688641,
        "v0": 0.014259890575069718,
        "lamb": 0.23051420549446622,
        "mu_j": -0.04973793387079693,
        "sigma_j": 0.14407729504884875,
        "rmse": 37.58577920218054
    },
    "notes": "Includes Bid/Ask/Spread for MC re-simulation"
}