{
    "model": "Bates_MC_Validation",
    "market": {
        "S0": 6908.655656749361,
        "r_sample": {
            "0.0200Y": 0.04193552996879644,
            "0.0400Y": 0.04187822354304467,
            "0.0833Y": 0.04175390738287046,
            "0.2500Y": 0.04127662991389843,
            "0.5000Y": 0.04058985612544402,
            "1.0000Y": 0.0394779815121341
        },
        "q_sample": {
            "0.0200Y": -0.008311267672701494,
            "0.0400Y": -0.0015188319241820816,
            "0.0833Y": 0.012673025842729096,
            "0.2500Y": 0.009661466929333028,
            "0.5000Y": 0.009915300606973126,
            "1.0000Y": 0.009859399075094408
        }
    },
    "analytical": {
        "kappa": 1.1390998041961184,
        "theta": 0.06497006153213739,
        "xi": 0.7986743225967728,
        "rho": -0.8189825483408952,
        "v0": 0.0210750960762986,
        "lamb": 0.23363263336483592,
        "mu_j": -0.11586602935652027,
        "sigma_j": 0.1804240885984143,
        "rmse": 5.359569091232988
    },
    "notes": "Includes Bid/Ask/Spread for MC re-simulation"
}