{
    "model": "Bates_MC_Validation_Analytic",
    "market": {
        "S0": 278.1199951171875,
        "r_sample": {
            "0.0200Y": 0.04190819020622232,
            "0.0400Y": 0.04184773564202585,
            "0.0833Y": 0.04171374805418569,
            "0.2500Y": 0.04116872074961505,
            "0.5000Y": 0.04032278212113984,
            "1.0000Y": 0.03889441743280985
        },
        "q_sample": {
            "0.0200Y": 0.0037,
            "0.0400Y": 0.0037,
            "0.0833Y": 0.0037,
            "0.2500Y": 0.0037,
            "0.5000Y": 0.0037,
            "1.0000Y": 0.0037
        }
    },
    "parameters": {
        "kappa": 1.0703877102999177,
        "theta": 0.06930081723770576,
        "xi": 0.4697555998137539,
        "rho": -0.3208863749373417,
        "v0": 0.04855856655419691,
        "lamb": 0.29842338328104684,
        "mu_j": -0.2556937161626287,
        "sigma_j": 0.21247072932700264,
        "rmse": 0.17735275582860277
    },
    "notes": "Calibrated via MC, Verified via Analytic Formula"
}