{
    "market": {
        "S0": 6923.319555161853,
        "r_sample": {
            "0.0192Y": 0.03731702166324581,
            "0.0385Y": 0.03727576364650048,
            "0.0833Y": 0.037175375635881,
            "0.1667Y": 0.03697355111075784,
            "0.2500Y": 0.03675663098861731,
            "0.3333Y": 0.03652899963668996,
            "0.4167Y": 0.036294782519868285,
            "0.5000Y": 0.0360587530382927,
            "0.5833Y": 0.035824645948853734,
            "0.6667Y": 0.035596015879011816,
            "0.7500Y": 0.03537705541589764,
            "0.8333Y": 0.03517094938578813,
            "0.9167Y": 0.034980772010391514,
            "1.0000Y": 0.03481010722108685
        },
        "q_sample": {
            "0.0192Y": 0.005320981100827807,
            "0.0385Y": 0.005320981100827807,
            "0.0833Y": 0.005414812319329195,
            "0.1667Y": 0.005854367274806968,
            "0.2500Y": 0.0042091207146801235,
            "0.3333Y": 0.004334739331419962,
            "0.4167Y": 0.004556288545541872,
            "0.5000Y": 0.004770081806931723,
            "0.5833Y": 0.004896482456101872,
            "0.6667Y": 0.005000310928521183,
            "0.7500Y": 0.005068338529547471,
            "0.8333Y": 0.005040202565821921,
            "0.9167Y": 0.004824654078357561,
            "1.0000Y": 0.0046116774290694065
        }
    },
    "analytical": {
        "kappa": 1.7708067030736783,
        "theta": 0.053619745117371116,
        "xi": 0.5899217823201144,
        "rho": -0.9148525070120153,
        "v0": 0.022488701560801072,
        "weighted_obj": 34.404269713769985,
        "rmse": 7.067648182228751
    },
    "monte_carlo": {
        "kappa": 1.6841989413539904,
        "theta": 0.06797864496584347,
        "xi": 0.7860772346954797,
        "rho": -0.8337310138671941,
        "v0": 0.02325463013499241,
        "weighted_obj": 11.630340076979472,
        "rmse": 12.895836718362506,
        "weighted_obj_internal": 11.630340076979472
    }
}