{
    "model": "Bates_MC_Validation",
    "market": {
        "S0": 6908.606999555777,
        "r_sample": {
            "0.0200Y": 0.04193552996879644,
            "0.0400Y": 0.04187822354304467,
            "0.0833Y": 0.04175390738287046,
            "0.2500Y": 0.04127662991389843,
            "0.5000Y": 0.04058985612544402,
            "1.0000Y": 0.0394779815121341
        },
        "q_sample": {
            "0.0200Y": -0.008054052584570082,
            "0.0400Y": -0.0013729066952869323,
            "0.0833Y": 0.012678576434868956,
            "0.2500Y": 0.00966110832725746,
            "0.5000Y": 0.00991563189874916,
            "1.0000Y": 0.009858676078456705
        }
    },
    "analytical": {
        "kappa": 0.970450148790052,
        "theta": 0.02561745572918121,
        "xi": 2.2641761445325104,
        "rho": -0.6230224174144432,
        "v0": 0.02731901137439019,
        "lamb": 0.3113702838471322,
        "mu_j": -0.22114139525640195,
        "sigma_j": 0.12819692139924627,
        "rmse": 31.283150285613285
    },
    "notes": "Includes Bid/Ask/Spread for MC re-simulation"
}