{
    "model": "Bates_MC_Validation_Analytic",
    "market": {
        "S0": 278.1199951171875,
        "r_sample": {
            "0.0200Y": 0.04190819020622232,
            "0.0400Y": 0.04184773564202585,
            "0.0833Y": 0.04171374805418569,
            "0.2500Y": 0.04116872074961505,
            "0.5000Y": 0.04032278212113984,
            "1.0000Y": 0.03889441743280985
        },
        "q_sample": {
            "0.0200Y": 0.0037,
            "0.0400Y": 0.0037,
            "0.0833Y": 0.0037,
            "0.2500Y": 0.0037,
            "0.5000Y": 0.0037,
            "1.0000Y": 0.0037
        }
    },
    "parameters": {
        "kappa": 4.492383889695652,
        "theta": 0.044370314021958394,
        "xi": 0.38834270979926894,
        "rho": -0.5875871255109126,
        "v0": 0.04219384457776111,
        "lamb": 0.44978033715923316,
        "mu_j": -0.27743735072448716,
        "sigma_j": 0.04582424307937139,
        "rmse": 0.45845283290650524
    },
    "notes": "Calibrated via MC, Verified via Analytic Formula"
}