{
    "model": "Bates",
    "market": {
        "S0": 6885.068291007952,
        "r_sample": {
            "0.0200Y": 0.03729893646285066,
            "0.0400Y": 0.03727331238866157,
            "0.0833Y": 0.037209702532224505,
            "0.2500Y": 0.03687787732734735,
            "0.5000Y": 0.03621611296313337,
            "1.0000Y": 0.03489605165389198
        },
        "q_sample": {
            "0.0200Y": -0.006616115431417285,
            "0.0400Y": -0.0025891849395738983,
            "0.0833Y": 0.00541268487800863,
            "0.2500Y": 0.005315144058566828,
            "0.5000Y": 0.005389472492420851,
            "1.0000Y": 0.004871492679777777
        }
    },
    "analytical": {
        "kappa": 1.4653072342936428,
        "theta": 0.07148802303882353,
        "xi": 0.8525781896827955,
        "rho": -0.7725653046592817,
        "v0": 0.026324886531187936,
        "lamb": 0.07361536006582937,
        "mu_j": -0.045328184333189116,
        "sigma_j": 0.07660386789614793,
        "weighted_obj": 3.8161503164767385,
        "rmse": 3.8161503164767385
    }
}