{
    "model": "Bates_MC_Validation",
    "market": {
        "S0": 6908.605552282001,
        "r_sample": {
            "0.0200Y": 0.04193552996879644,
            "0.0400Y": 0.04187822354304467,
            "0.0833Y": 0.04175390738287046,
            "0.2500Y": 0.04127662991389843,
            "0.5000Y": 0.04058985612544402,
            "1.0000Y": 0.0394779815121341
        },
        "q_sample": {
            "0.0200Y": -0.00804561490352541,
            "0.0400Y": -0.0013680186118769245,
            "0.0833Y": 0.012678741250570669,
            "0.2500Y": 0.009661080478478174,
            "0.5000Y": 0.009915641926099599,
            "1.0000Y": 0.009858654650742402
        }
    },
    "analytical": {
        "kappa": 1.5,
        "theta": 0.04,
        "xi": 0.6,
        "rho": -0.4,
        "v0": 0.04,
        "lamb": 0.5,
        "mu_j": -0.05,
        "sigma_j": 0.2,
        "rmse": 65.84366655711744
    },
    "notes": "Includes Bid/Ask/Spread for MC re-simulation"
}