{
    "model": "Bates_MC_Validation",
    "market": {
        "S0": 6908.646156017985,
        "r_sample": {
            "0.0200Y": 0.04193552996879644,
            "0.0400Y": 0.04187822354304467,
            "0.0833Y": 0.04175390738287046,
            "0.2500Y": 0.04127662991389843,
            "0.5000Y": 0.04058985612544402,
            "1.0000Y": 0.0394779815121341
        },
        "q_sample": {
            "0.0200Y": -0.008261840259199741,
            "0.0400Y": -0.0014909483271452768,
            "0.0833Y": 0.012674111095185217,
            "0.2500Y": 0.009661481454456066,
            "0.5000Y": 0.009915365054670113,
            "1.0000Y": 0.009859257806252526
        }
    },
    "analytical": {
        "kappa": 1.7384118917811395,
        "theta": 0.03294683534518022,
        "xi": 0.9146028929629548,
        "rho": -0.572187681482029,
        "v0": 0.017187275717759104,
        "lamb": 0.3540264250317697,
        "mu_j": -0.188118709692333,
        "sigma_j": 0.15074409932909655,
        "rmse": 6.667973545858342
    },
    "notes": "Includes Bid/Ask/Spread for MC re-simulation"
}