{
    "model": "Bates_MC",
    "market": {
        "S0": 6923.53831664483,
        "r_sample": {
            "0.0200Y": 0.04190819020622232,
            "0.0400Y": 0.04184773564202585,
            "0.0833Y": 0.04171374805418569,
            "0.2500Y": 0.04116872074961505,
            "0.5000Y": 0.04032278212113984,
            "1.0000Y": 0.03889441743280985
        },
        "q_sample": {
            "0.0200Y": -0.008349779325811872,
            "0.0400Y": -0.0013649456857759822,
            "0.0833Y": 0.012888724676250107,
            "0.2500Y": 0.009866403665592743,
            "0.5000Y": 0.010060080467381405,
            "1.0000Y": 0.009565851364670985
        }
    },
    "parameters": {
        "kappa": 2.43434479620151,
        "theta": 0.04141095587940438,
        "xi": 0.8866370769483415,
        "rho": -0.7444772626499695,
        "v0": 0.012580596884997188,
        "lamb": 0.3492138657767219,
        "mu_j": -0.17532579166971612,
        "sigma_j": 0.07116021689337737
    },
    "notes": "Calibrated directly via Monte Carlo"
}