{
    "model": "Bates_MC_Validation_Analytic",
    "market": {
        "S0": 6923.53831664483,
        "r_sample": {
            "0.0200Y": 0.04190819020622232,
            "0.0400Y": 0.04184773564202585,
            "0.0833Y": 0.04171374805418569,
            "0.2500Y": 0.04116872074961505,
            "0.5000Y": 0.04032278212113984,
            "1.0000Y": 0.03889441743280985
        },
        "q_sample": {
            "0.0200Y": -0.008349779325811872,
            "0.0400Y": -0.0013649456857759822,
            "0.0833Y": 0.012888724676250107,
            "0.2500Y": 0.009866403665592743,
            "0.5000Y": 0.010060080467381405,
            "1.0000Y": 0.009565851364670985
        }
    },
    "parameters": {
        "kappa": 5.284418045380537,
        "theta": 0.03861175437238688,
        "xi": 1.2461503758080563,
        "rho": -0.8655810971463321,
        "v0": 0.023743458651147967,
        "lamb": 0.2197150115308013,
        "mu_j": -0.013404813962447071,
        "sigma_j": 0.16148373270174823,
        "rmse": 7.517938369881289
    },
    "notes": "Calibrated via MC, Verified via Analytic Formula"
}