{
    "model": "Bates",
    "market": {
        "S0": 6875.321440734299,
        "r_sample": {
            "0.0200Y": 0.03729893646285066,
            "0.0400Y": 0.03727331238866157,
            "0.0833Y": 0.037209702532224505,
            "0.2500Y": 0.03687787732734735,
            "0.5000Y": 0.03621611296313337,
            "1.0000Y": 0.03489605165389198
        },
        "q_sample": {
            "0.0200Y": -0.03215164337725047,
            "0.0400Y": -0.021033573748720707,
            "0.0833Y": 0.0009579723607093857,
            "0.2500Y": 0.004853822682592684,
            "0.5000Y": 0.004832746849160397,
            "1.0000Y": 0.004629271852518865
        }
    },
    "analytical": {
        "kappa": 1.9884095262910737,
        "theta": 0.05016146792038954,
        "xi": 1.0551146097295498,
        "rho": -0.8944080017452837,
        "v0": 0.027136937257407737,
        "lamb": 0.06840351757784642,
        "mu_j": -0.23937633604259778,
        "sigma_j": 0.3000266351780881,
        "weighted_obj": 0.030699648664704506,
        "rmse": 17.293732513198766
    }
}