{
    "model": "Bates_MC_Validation",
    "market": {
        "S0": 6908.6611629706495,
        "r_sample": {
            "0.0200Y": 0.04193552996879644,
            "0.0400Y": 0.04187822354304467,
            "0.0833Y": 0.04175390738287046,
            "0.2500Y": 0.04127662991389843,
            "0.5000Y": 0.04058985612544402,
            "1.0000Y": 0.0394779815121341
        },
        "q_sample": {
            "0.0200Y": -0.008340044787062972,
            "0.0400Y": -0.0015350653228481653,
            "0.0833Y": 0.012672396553695986,
            "0.2500Y": 0.009661458607243817,
            "0.5000Y": 0.009915263239660339,
            "1.0000Y": 0.009859481069981942
        }
    },
    "analytical": {
        "kappa": 0.9076719253229866,
        "theta": 0.026266148671621484,
        "xi": 2.2358886823328956,
        "rho": -0.6997521510706283,
        "v0": 0.020211917976195648,
        "lamb": 0.5833509540115372,
        "mu_j": -0.1846631413741302,
        "sigma_j": 0.10416273177709995,
        "rmse": 19.802163304560104
    },
    "notes": "Includes Bid/Ask/Spread for MC re-simulation"
}