{
    "model": "Bates",
    "market": {
        "S0": 6931.7975438649355,
        "r_sample": {
            "0.0200Y": 0.03729893646285066,
            "0.0400Y": 0.03727331238866157,
            "0.0833Y": 0.037209702532224505,
            "0.2500Y": 0.03687787732734735,
            "0.5000Y": 0.03621611296313337,
            "1.0000Y": 0.03489605165389198
        },
        "q_sample": {
            "0.0200Y": -0.002897200258812612,
            "0.0400Y": -0.0001198835985422057,
            "0.0833Y": 0.0055442892421712995,
            "0.2500Y": 0.005740186204465649,
            "0.5000Y": 0.005337766273069226,
            "1.0000Y": 0.004878015211669863
        }
    },
    "analytical": {
        "kappa": 1.6243074144421221,
        "theta": 0.058260000345746826,
        "xi": 0.7487226091607837,
        "rho": -0.8122077460675503,
        "v0": 0.020825151038727133,
        "lamb": 0.1417487956174137,
        "mu_j": -0.10832013580454014,
        "sigma_j": 0.10698769507947906,
        "weighted_obj": 8.116663261873361,
        "rmse": 4.471835289190428
    }
}