{
    "model": "Bates_MC_Validation",
    "market": {
        "S0": 6908.589207737751,
        "r_sample": {
            "0.0200Y": 0.04193552996879644,
            "0.0400Y": 0.04187822354304467,
            "0.0833Y": 0.04175390738287046,
            "0.2500Y": 0.04127662991389843,
            "0.5000Y": 0.04058985612544402,
            "1.0000Y": 0.0394779815121341
        },
        "q_sample": {
            "0.0200Y": -0.007950785482166886,
            "0.0400Y": -0.001312890784111279,
            "0.0833Y": 0.012681152107107808,
            "0.2500Y": 0.009660766773486332,
            "0.5000Y": 0.00991575367867682,
            "1.0000Y": 0.009858412055765238
        }
    },
    "analytical": {
        "kappa": 1.3720424951453674,
        "theta": 0.06315445204190635,
        "xi": 0.9169880133775219,
        "rho": -0.7417148115344155,
        "v0": 0.02257680974857334,
        "lamb": 0.19222086033474867,
        "mu_j": -0.18381736043420366,
        "sigma_j": 0.10385596316176893,
        "rmse": 4.62673554117083
    },
    "notes": "Includes Bid/Ask/Spread for MC re-simulation"
}