{
    "model": "Bates",
    "market": {
        "S0": 6898.445476610294,
        "r_sample": {
            "0.0200Y": 0.041798936462850655,
            "0.0400Y": 0.04177331238866157,
            "0.0833Y": 0.0417097025322245,
            "0.2500Y": 0.041377877327347344,
            "0.5000Y": 0.04071611296313337,
            "1.0000Y": 0.03939605165389198
        },
        "q_sample": {
            "0.0200Y": -0.015249526838640165,
            "0.0400Y": -0.006467710328431514,
            "0.0833Y": 0.010648938034576477,
            "0.2500Y": 0.009284514634247698,
            "0.5000Y": 0.009774351432150833,
            "1.0000Y": 0.009238323665640955
        }
    },
    "analytical": {
        "kappa": 1.9462245005089098,
        "theta": 0.04454614645335634,
        "xi": 0.810522140132221,
        "rho": -0.7280627358713548,
        "v0": 0.022802712192008783,
        "lamb": 0.1148653210823569,
        "mu_j": -0.22092866679120204,
        "sigma_j": 0.21616883622693012,
        "weighted_obj": 4.2909124443016164,
        "rmse": 2.8672122957924753
    }
}