{
    "model": "Bates_MC_Validation",
    "market": {
        "S0": 6908.66231916161,
        "r_sample": {
            "0.0200Y": 0.04193552996879644,
            "0.0400Y": 0.04187822354304467,
            "0.0833Y": 0.04175390738287046,
            "0.2500Y": 0.04127662991389843,
            "0.5000Y": 0.04058985612544402,
            "1.0000Y": 0.0394779815121341
        },
        "q_sample": {
            "0.0200Y": -0.00834571032960905,
            "0.0400Y": -0.0015382172789748707,
            "0.0833Y": 0.012672264386032783,
            "0.2500Y": 0.009661456866291142,
            "0.5000Y": 0.009915255359774661,
            "1.0000Y": 0.009859498215954762
        }
    },
    "analytical": {
        "kappa": 1.1170953805865629,
        "theta": 0.0560191823560156,
        "xi": 0.827559795426188,
        "rho": -0.05122172421620452,
        "v0": 0.028711897233796253,
        "lamb": 0.49999999999999606,
        "mu_j": -0.012466675136724713,
        "sigma_j": 0.08519943332242086,
        "rmse": 37.63897170110257
    },
    "notes": "Includes Bid/Ask/Spread for MC re-simulation"
}