{
    "model": "Bates",
    "market": {
        "S0": 6898.09484146938,
        "r_sample": {
            "0.0200Y": 0.03729893646285066,
            "0.0400Y": 0.03727331238866157,
            "0.0833Y": 0.037209702532224505,
            "0.2500Y": 0.03687787732734735,
            "0.5000Y": 0.03621611296313337,
            "1.0000Y": 0.03489605165389198
        },
        "q_sample": {
            "0.0200Y": -0.00720480466762884,
            "0.0400Y": -0.003239615341990158,
            "0.0833Y": 0.004830073559476737,
            "0.2500Y": 0.004976586761255528,
            "0.5000Y": 0.005376187245943336,
            "1.0000Y": 0.005035757290122201
        }
    },
    "analytical": {
        "kappa": 1.49895503183092,
        "theta": 0.06825767829946011,
        "xi": 0.8234195042119061,
        "rho": -0.7679993970867517,
        "v0": 0.026434707670038173,
        "lamb": 0.07452166610809124,
        "mu_j": -0.0486516367896247,
        "sigma_j": 0.07793037602056341,
        "weighted_obj": 4.299660542140176,
        "rmse": 4.299660542140176
    }
}