{
    "model": "Bates_MC_Validation",
    "market": {
        "S0": 6908.65121937434,
        "r_sample": {
            "0.0200Y": 0.04193552996879644,
            "0.0400Y": 0.04187822354304467,
            "0.0833Y": 0.04175390738287046,
            "0.2500Y": 0.04127662991389843,
            "0.5000Y": 0.04058985612544402,
            "1.0000Y": 0.0394779815121341
        },
        "q_sample": {
            "0.0200Y": -0.00828814681662417,
            "0.0400Y": -0.0015057888997619135,
            "0.0833Y": 0.012673532804531701,
            "0.2500Y": 0.009661473695710314,
            "0.5000Y": 0.00991533066823944,
            "1.0000Y": 0.009859333133601392
        }
    },
    "analytical": {
        "kappa": 1.1191788558385485,
        "theta": 0.08045156302190813,
        "xi": 0.8157286264418837,
        "rho": -0.7986008943751778,
        "v0": 0.025855533415995505,
        "lamb": 0.47505457016743136,
        "mu_j": -0.059117325226410194,
        "sigma_j": 0.05342068328522691,
        "rmse": 6.3659504293938705
    },
    "notes": "Includes Bid/Ask/Spread for MC re-simulation"
}