{
    "model": "Bates_MC_Validation",
    "market": {
        "S0": 6908.6625866096,
        "r_sample": {
            "0.0200Y": 0.04193552996879644,
            "0.0400Y": 0.04187822354304467,
            "0.0833Y": 0.04175390738287046,
            "0.2500Y": 0.04127662991389843,
            "0.5000Y": 0.04058985612544402,
            "1.0000Y": 0.0394779815121341
        },
        "q_sample": {
            "0.0200Y": -0.008346962120410611,
            "0.0400Y": -0.0015389065397723202,
            "0.0833Y": 0.01267223381164194,
            "0.2500Y": 0.0096614564600884,
            "0.5000Y": 0.009915253603632145,
            "1.0000Y": 0.009859502265805942
        }
    },
    "analytical": {
        "kappa": 1.1916560155262792,
        "theta": 0.0455450484350087,
        "xi": 0.816519579295953,
        "rho": -0.19225860476392465,
        "v0": 0.007764299905540482,
        "lamb": 0.49459973516341227,
        "mu_j": -0.1949040744302077,
        "sigma_j": 0.141878443448851,
        "rmse": 21.665302854245237
    },
    "notes": "Includes Bid/Ask/Spread for MC re-simulation"
}