{
    "model": "Bates",
    "market": {
        "S0": 6891.500227697957,
        "r_sample": {
            "0.0200Y": 0.03729893646285066,
            "0.0400Y": 0.03727331238866157,
            "0.0833Y": 0.037209702532224505,
            "0.2500Y": 0.03687787732734735,
            "0.5000Y": 0.03621611296313337,
            "1.0000Y": 0.03489605165389198
        },
        "q_sample": {
            "0.0200Y": 0.013769423870984593,
            "0.0400Y": 0.012783268179718386,
            "0.0833Y": 0.01085176682936255,
            "0.2500Y": 0.006612790004446774,
            "0.5000Y": 0.005919245523313656,
            "1.0000Y": 0.0050840401014652994
        }
    },
    "analytical": {
        "kappa": 1.9852179977480324,
        "theta": 0.025770509079858728,
        "xi": 0.4168858194706273,
        "rho": -0.852320964060598,
        "v0": 0.02069759847580892,
        "lamb": 0.15694737403936918,
        "mu_j": -0.19317021771652593,
        "sigma_j": 0.1445144087383832,
        "weighted_obj": 14.37468275292555,
        "rmse": 14.37468275292555
    }
}