{
    "model": "Bates",
    "market": {
        "S0": 6931.547510973064,
        "r_sample": {
            "0.0200Y": 0.03729893646285066,
            "0.0400Y": 0.03727331238866157,
            "0.0833Y": 0.037209702532224505,
            "0.2500Y": 0.03687787732734735,
            "0.5000Y": 0.03621611296313337,
            "1.0000Y": 0.03489605165389198
        },
        "q_sample": {
            "0.0200Y": -0.00383539371406711,
            "0.0400Y": -0.0010901779371516188,
            "0.0833Y": 0.004495463962135704,
            "0.2500Y": 0.004801123842378062,
            "0.5000Y": 0.005144925380666264,
            "1.0000Y": 0.0047294781441757005
        }
    },
    "analytical": {
        "kappa": 2.0504343239473184,
        "theta": 0.02827493824864997,
        "xi": 0.3024668210021486,
        "rho": -0.6999867552659673,
        "v0": 0.013688151964205376,
        "lamb": 0.08711113017876482,
        "mu_j": -0.07840201035465685,
        "sigma_j": 0.0369531032508462,
        "weighted_obj": 112.29203379918505,
        "rmse": 45.739330220685424
    }
}