{
    "model": "Bates",
    "market": {
        "S0": 6908.399656613734,
        "r_sample": {
            "0.0200Y": 0.03729893646285066,
            "0.0400Y": 0.03727331238866157,
            "0.0833Y": 0.037209702532224505,
            "0.2500Y": 0.03687787732734735,
            "0.5000Y": 0.03621611296313337,
            "1.0000Y": 0.03489605165389198
        },
        "q_sample": {
            "0.0200Y": 0.0017864946121208035,
            "0.0400Y": 0.001607049283770176,
            "0.0833Y": 0.0016397230456451223,
            "0.2500Y": 0.006381142349257281,
            "0.5000Y": 0.005607838271747724,
            "1.0000Y": 0.00482673125410793
        }
    },
    "analytical": {
        "kappa": 1.9058671866831596,
        "theta": 0.035918790612061824,
        "xi": 0.49058919357284797,
        "rho": -0.7148777025559521,
        "v0": 0.020631102693738045,
        "lamb": 0.09428154544234264,
        "mu_j": -0.0886392314154602,
        "sigma_j": 0.09398820841861345,
        "weighted_obj": 51.29578101447589,
        "rmse": 21.188312615665478
    }
}