{
    "model": "Bates",
    "market": {
        "S0": 6934.191347924863,
        "r_sample": {
            "0.0200Y": 0.03729893646285066,
            "0.0400Y": 0.03727331238866157,
            "0.0833Y": 0.037209702532224505,
            "0.2500Y": 0.03687787732734735,
            "0.5000Y": 0.03621611296313337,
            "1.0000Y": 0.03489605165389198
        },
        "q_sample": {
            "0.0200Y": -0.049249597572676676,
            "0.0400Y": -0.031276844354326205,
            "0.0833Y": 0.00433874957081778,
            "0.2500Y": 0.0048909062666774765,
            "0.5000Y": 0.0052271984571118065,
            "1.0000Y": 0.004793275247827373
        }
    },
    "analytical": {
        "kappa": 1.5568657831940795,
        "theta": 0.059672948285966004,
        "xi": 0.8284329455918816,
        "rho": -0.7866882443103301,
        "v0": 0.018651646104740717,
        "lamb": 0.2715077126691929,
        "mu_j": -0.10230953297485862,
        "sigma_j": 0.09231453374772866,
        "weighted_obj": 8.036561221031407,
        "rmse": 5.098100500390138
    }
}