{
    "model": "Bates_MC_Validation",
    "market": {
        "S0": 6908.592122857435,
        "r_sample": {
            "0.0200Y": 0.04193552996879644,
            "0.0400Y": 0.04187822354304467,
            "0.0833Y": 0.04175390738287046,
            "0.2500Y": 0.04127662991389843,
            "0.5000Y": 0.04058985612544402,
            "1.0000Y": 0.0394779815121341
        },
        "q_sample": {
            "0.0200Y": -0.007967637576957199,
            "0.0400Y": -0.0013227180302624935,
            "0.0833Y": 0.012680634023743647,
            "0.2500Y": 0.009660822616397618,
            "0.5000Y": 0.009915733732365114,
            "1.0000Y": 0.009858455301191015
        }
    },
    "analytical": {
        "kappa": 2.673672822374355,
        "theta": 0.04490508879425671,
        "xi": 0.9734169345140421,
        "rho": -0.7346139389428996,
        "v0": 0.023597164227197293,
        "lamb": 0.10025127574256669,
        "mu_j": -0.25646362229369085,
        "sigma_j": 0.21783531604005,
        "rmse": 4.8708423973100725
    },
    "notes": "Includes Bid/Ask/Spread for MC re-simulation"
}