{
    "model": "Bates_MC_Validation",
    "market": {
        "S0": 6908.659122960826,
        "r_sample": {
            "0.0200Y": 0.04193552996879644,
            "0.0400Y": 0.04187822354304467,
            "0.0833Y": 0.04175390738287046,
            "0.2500Y": 0.04127662991389843,
            "0.5000Y": 0.04058985612544402,
            "1.0000Y": 0.0394779815121341
        },
        "q_sample": {
            "0.0200Y": -0.008329371831213347,
            "0.0400Y": -0.0015290446824315438,
            "0.0833Y": 0.012672629727853336,
            "0.2500Y": 0.009661461685861395,
            "0.5000Y": 0.009915277002057184,
            "1.0000Y": 0.009859450688215258
        }
    },
    "analytical": {
        "kappa": 1.0387550782677466,
        "theta": 0.020761209113088527,
        "xi": 0.31803423292285743,
        "rho": -0.6889190029473277,
        "v0": 0.016411797167122974,
        "lamb": 0.19394800353651848,
        "mu_j": -0.288281049718931,
        "sigma_j": 0.28959644448105964,
        "rmse": 6.995600896029828
    },
    "notes": "Includes Bid/Ask/Spread for MC re-simulation"
}