{
    "model": "Bates_MC_Validation",
    "market": {
        "S0": 6908.593346020596,
        "r_sample": {
            "0.0200Y": 0.04193552996879644,
            "0.0400Y": 0.04187822354304467,
            "0.0833Y": 0.04175390738287046,
            "0.2500Y": 0.04127662991389843,
            "0.5000Y": 0.04058985612544402,
            "1.0000Y": 0.0394779815121341
        },
        "q_sample": {
            "0.0200Y": -0.007974717281631625,
            "0.0400Y": -0.0013268463726320663,
            "0.0833Y": 0.012680416619133474,
            "0.2500Y": 0.009660846061603197,
            "0.5000Y": 0.009915725308274692,
            "1.0000Y": 0.009858473325704368
        }
    },
    "analytical": {
        "kappa": 1.6849671656868654,
        "theta": 0.05973221810344276,
        "xi": 1.0266765813186496,
        "rho": -0.7287197876570651,
        "v0": 0.023306077654517404,
        "lamb": 0.18681061108989086,
        "mu_j": -0.17165617037216915,
        "sigma_j": 0.13273727673913696,
        "rmse": 5.202034752847518
    },
    "notes": "Includes Bid/Ask/Spread for MC re-simulation"
}