{
    "model": "Bates_MC",
    "market": {
        "S0": 411.1099853515625,
        "r_sample": {
            "0.0200Y": 0.04190819020622232,
            "0.0400Y": 0.04184773564202585,
            "0.0833Y": 0.04171374805418569,
            "0.2500Y": 0.04116872074961505,
            "0.5000Y": 0.04032278212113984,
            "1.0000Y": 0.03889441743280985
        },
        "q_sample": {
            "0.0200Y": 0.0,
            "0.0400Y": 0.0,
            "0.0833Y": 0.0,
            "0.2500Y": 0.0,
            "0.5000Y": 0.0,
            "1.0000Y": 0.0
        }
    },
    "analytical": {
        "kappa": 2.282759344312023,
        "theta": 0.2464783051796163,
        "xi": 0.18753677473387373,
        "rho": -0.3993997751401355,
        "v0": 0.12281734426876387,
        "lamb": 1.7012808335935108,
        "mu_j": -0.095909798438886,
        "sigma_j": 0.20810018178539202,
        "weighted_obj": 0.5633720560100531,
        "rmse": 0.563577856200898
    },
    "notes": "Calibrated directly via Monte Carlo"
}