{
    "model": "Bates",
    "market": {
        "S0": 6931.475463945933,
        "r_sample": {
            "0.0200Y": 0.03729893646285066,
            "0.0400Y": 0.03727331238866157,
            "0.0833Y": 0.037209702532224505,
            "0.2500Y": 0.03687787732734735,
            "0.5000Y": 0.03621611296313337,
            "1.0000Y": 0.03489605165389198
        },
        "q_sample": {
            "0.0200Y": -0.05417520751664404,
            "0.0400Y": -0.03442075148085637,
            "0.0833Y": 0.00467841161340601,
            "0.2500Y": 0.0052484484414389515,
            "0.5000Y": 0.005150101786472155,
            "1.0000Y": 0.004838161881088481
        }
    },
    "analytical": {
        "kappa": 1.5830869442171658,
        "theta": 0.05633664207510816,
        "xi": 0.7917690431627986,
        "rho": -0.779974405583617,
        "v0": 0.01897193928788221,
        "lamb": 0.2995409443830344,
        "mu_j": -0.10205555558052821,
        "sigma_j": 0.0890484027176333,
        "weighted_obj": 8.503196630642067,
        "rmse": 5.094650448959566
    }
}