{
    "model": "Bates",
    "market": {
        "S0": 6930.982577136441,
        "r_sample": {
            "0.0200Y": 0.03729893646285066,
            "0.0400Y": 0.03727331238866157,
            "0.0833Y": 0.037209702532224505,
            "0.2500Y": 0.03687787732734735,
            "0.5000Y": 0.03621611296313337,
            "1.0000Y": 0.03489605165389198
        },
        "q_sample": {
            "0.0200Y": -0.004505042064463248,
            "0.0400Y": -0.0014707411969004974,
            "0.0833Y": 0.004721971424943291,
            "0.2500Y": 0.0055348550170836236,
            "0.5000Y": 0.005422798691338131,
            "1.0000Y": 0.0049116086977541535
        }
    },
    "analytical": {
        "kappa": 1.4986169617786804,
        "theta": 0.06798103379285043,
        "xi": 0.8391002402775807,
        "rho": -0.7711135618378749,
        "v0": 0.022841150073702337,
        "lamb": 0.07420568784665763,
        "mu_j": -0.047550742032239884,
        "sigma_j": 0.07727867359520799,
        "weighted_obj": 8.575467011569653,
        "rmse": 5.052899235694352
    }
}