{
    "market": {
        "S0": 6911.967832994749,
        "r_sample": {
            "0.0385Y": 0.037275319235622245,
            "0.0833Y": 0.037209702532224505,
            "0.1667Y": 0.037059125997383674,
            "0.2500Y": 0.03687787732734735,
            "0.3333Y": 0.036672676103893936,
            "0.4167Y": 0.03644981743616135,
            "0.5000Y": 0.03621611296313337,
            "0.5833Y": 0.035977285503691,
            "0.6667Y": 0.03573875165226531,
            "0.7500Y": 0.03550651676689753,
            "0.8333Y": 0.03528545775996178,
            "0.9167Y": 0.03508024958804595,
            "1.0000Y": 0.03489605165389198
        },
        "q_sample": {
            "0.0385Y": 0.006539282165922079,
            "0.0833Y": 0.006503529538795518,
            "0.1667Y": 0.005640077200218065,
            "0.2500Y": 0.004980267933909157,
            "0.3333Y": 0.005069349239408682,
            "0.4167Y": 0.005213337842804057,
            "0.5000Y": 0.005331219154227179,
            "0.5833Y": 0.005364098754474709,
            "0.6667Y": 0.005378051031013136,
            "0.7500Y": 0.005385670510091115,
            "0.8333Y": 0.005346593208661287,
            "0.9167Y": 0.005142134440534578,
            "1.0000Y": 0.0049469895995533095
        }
    },
    "analytical": {
        "kappa": 1.519487753549589,
        "theta": 0.06694359514196721,
        "xi": 0.8249916839045714,
        "rho": -0.7688708118355697,
        "v0": 0.02461749723063277,
        "weighted_obj": 8.517783309203255,
        "rmse": 5.070928523920705
    },
    "monte_carlo": {
        "kappa": 1.6807008218177657,
        "theta": 0.06720148159829739,
        "xi": 0.7272264041674892,
        "rho": -0.8566448018339262,
        "v0": 0.02344207498319286,
        "weighted_obj": 7.1746412428296376,
        "rmse": 8.298533404564125,
        "weighted_obj_internal": 7.05421120375872
    }
}