{
    "model": "Bates_MC_Validation",
    "market": {
        "S0": 6908.667737053162,
        "r_sample": {
            "0.0200Y": 0.04193552996879644,
            "0.0400Y": 0.04187822354304467,
            "0.0833Y": 0.04175390738287046,
            "0.2500Y": 0.04127662991389843,
            "0.5000Y": 0.04058985612544402,
            "1.0000Y": 0.0394779815121341
        },
        "q_sample": {
            "0.0200Y": -0.008371109889838368,
            "0.0400Y": -0.0015522031085366643,
            "0.0833Y": 0.012671644911233805,
            "0.2500Y": 0.009661448745607997,
            "0.5000Y": 0.009915218754677217,
            "1.0000Y": 0.009859578922174896
        }
    },
    "analytical": {
        "kappa": 1.2007804543083365,
        "theta": 0.03582063629359151,
        "xi": 0.7174542648819412,
        "rho": -0.6121725589411293,
        "v0": 0.0166576589534394,
        "lamb": 0.3148432087251733,
        "mu_j": -0.19004390812572278,
        "sigma_j": 0.17419326572622562,
        "rmse": 5.545517385480516
    },
    "notes": "Includes Bid/Ask/Spread for MC re-simulation"
}