{
    "model": "Bates_MC_Validation",
    "market": {
        "S0": 6908.589764941511,
        "r_sample": {
            "0.0200Y": 0.04193552996879644,
            "0.0400Y": 0.04187822354304467,
            "0.0833Y": 0.04175390738287046,
            "0.2500Y": 0.04127662991389843,
            "0.5000Y": 0.04058985612544402,
            "1.0000Y": 0.0394779815121341
        },
        "q_sample": {
            "0.0200Y": -0.007954003933291612,
            "0.0400Y": -0.0013147676134244403,
            "0.0833Y": 0.012681053084611059,
            "0.2500Y": 0.009660777441154008,
            "0.5000Y": 0.009915749796372846,
            "1.0000Y": 0.009858420296663952
        }
    },
    "analytical": {
        "kappa": 1.807525125832122,
        "theta": 0.05278558191334258,
        "xi": 0.9387270695338605,
        "rho": -0.7239256961909191,
        "v0": 0.02274242287313632,
        "lamb": 0.15532815283038465,
        "mu_j": -0.20331504986444915,
        "sigma_j": 0.16559126278724232,
        "rmse": 5.141075369508471
    },
    "notes": "Includes Bid/Ask/Spread for MC re-simulation"
}