{
    "model": "Bates_MC_Validation_Analytic",
    "market": {
        "S0": 278.1199951171875,
        "r_sample": {
            "0.0200Y": 0.04190819020622232,
            "0.0400Y": 0.04184773564202585,
            "0.0833Y": 0.04171374805418569,
            "0.2500Y": 0.04116872074961505,
            "0.5000Y": 0.04032278212113984,
            "1.0000Y": 0.03889441743280985
        },
        "q_sample": {
            "0.0200Y": 0.0037,
            "0.0400Y": 0.0037,
            "0.0833Y": 0.0037,
            "0.2500Y": 0.0037,
            "0.5000Y": 0.0037,
            "1.0000Y": 0.0037
        }
    },
    "parameters": {
        "kappa": 1.6401428417504027,
        "theta": 0.08287480654380999,
        "xi": 0.6915177079283347,
        "rho": -0.39802288049639273,
        "v0": 0.048898168386669105,
        "lamb": 0.24994350044804745,
        "mu_j": -0.27044077011612894,
        "sigma_j": 0.11536627134287025,
        "rmse": 0.2132142897024806
    },
    "notes": "Calibrated via MC, Verified via Analytic Formula"
}