{
    "model": "Bates_MC_Validation",
    "market": {
        "S0": 6908.600411171385,
        "r_sample": {
            "0.0200Y": 0.04193552996879644,
            "0.0400Y": 0.04187822354304467,
            "0.0833Y": 0.04175390738287046,
            "0.2500Y": 0.04127662991389843,
            "0.5000Y": 0.04058985612544402,
            "1.0000Y": 0.0394779815121341
        },
        "q_sample": {
            "0.0200Y": -0.00801569894766067,
            "0.0400Y": -0.0013506866480871016,
            "0.0833Y": 0.012679326588963395,
            "0.2500Y": 0.009660981645309022,
            "0.5000Y": 0.009915676954727923,
            "1.0000Y": 0.009858578242019194
        }
    },
    "analytical": {
        "kappa": 1.3737523316552034,
        "theta": 0.06309198083960386,
        "xi": 0.9287739052922929,
        "rho": -0.7841324975376315,
        "v0": 0.02174143433240819,
        "lamb": 0.4301549959105596,
        "mu_j": -0.10251435685134772,
        "sigma_j": 0.09614957692938932,
        "rmse": 4.74069357223181
    },
    "notes": "Includes Bid/Ask/Spread for MC re-simulation"
}