{
    "model": "Bates_MC_Validation",
    "market": {
        "S0": 6908.591578131457,
        "r_sample": {
            "0.0200Y": 0.04193552996879644,
            "0.0400Y": 0.04187822354304467,
            "0.0833Y": 0.04175390738287046,
            "0.2500Y": 0.04127662991389843,
            "0.5000Y": 0.04058985612544402,
            "1.0000Y": 0.0394779815121341
        },
        "q_sample": {
            "0.0200Y": -0.007964486521791412,
            "0.0400Y": -0.0013208805617749234,
            "0.0833Y": 0.012680730839245013,
            "0.2500Y": 0.00966081217791386,
            "0.5000Y": 0.009915737375542372,
            "1.0000Y": 0.009858447189625565
        }
    },
    "analytical": {
        "kappa": 5.820648718658657,
        "theta": 0.03847350593187531,
        "xi": 1.3148428111997859,
        "rho": -0.7333312425865225,
        "v0": 0.02522775443827897,
        "lamb": 0.04100332899118502,
        "mu_j": -0.4944578836175446,
        "sigma_j": 0.23547861388647698,
        "rmse": 5.21781157389443
    },
    "notes": "Includes Bid/Ask/Spread for MC re-simulation"
}