{
    "model": "Bates_MC_Validation",
    "market": {
        "S0": 6908.596176285901,
        "r_sample": {
            "0.0200Y": 0.04193552996879644,
            "0.0400Y": 0.04187822354304467,
            "0.0833Y": 0.04175390738287046,
            "0.2500Y": 0.04127662991389843,
            "0.5000Y": 0.04058985612544402,
            "1.0000Y": 0.0394779815121341
        },
        "q_sample": {
            "0.0200Y": -0.007991117820019782,
            "0.0400Y": -0.0013364094561277504,
            "0.0833Y": 0.012679913522092821,
            "0.2500Y": 0.009660900333929514,
            "0.5000Y": 0.009915705946646529,
            "1.0000Y": 0.009858515412188207
        }
    },
    "analytical": {
        "kappa": 1.435242043465017,
        "theta": 0.06095222827701845,
        "xi": 0.9046646494354188,
        "rho": -0.7662255846078762,
        "v0": 0.022091933735543665,
        "lamb": 0.27296960387725244,
        "mu_j": -0.14557142843362947,
        "sigma_j": 0.09482989949690689,
        "rmse": 4.639330199490008
    },
    "notes": "Includes Bid/Ask/Spread for MC re-simulation"
}