{
    "model": "Bates_MC_Validation",
    "market": {
        "S0": 6908.65953670581,
        "r_sample": {
            "0.0200Y": 0.04193552996879644,
            "0.0400Y": 0.04187822354304467,
            "0.0833Y": 0.04175390738287046,
            "0.2500Y": 0.04127662991389843,
            "0.5000Y": 0.04058985612544402,
            "1.0000Y": 0.0394779815121341
        },
        "q_sample": {
            "0.0200Y": -0.008331535395020812,
            "0.0400Y": -0.0015302651596372143,
            "0.0833Y": 0.012672582439222898,
            "0.2500Y": 0.009661461060766768,
            "0.5000Y": 0.00991527419922439,
            "1.0000Y": 0.00985945684009943
        }
    },
    "analytical": {
        "kappa": 1.7224991952969713,
        "theta": 0.010042751903103228,
        "xi": 0.4763384436344756,
        "rho": -0.4587611001585242,
        "v0": 0.012938964195093995,
        "lamb": 0.4999999995182411,
        "mu_j": -0.1797114454446806,
        "sigma_j": 0.1892723443165384,
        "rmse": 9.515841924865782
    },
    "notes": "Includes Bid/Ask/Spread for MC re-simulation"
}