{
    "model": "Bates_MC",
    "market": {
        "S0": 278.1199951171875,
        "r_sample": {
            "0.0200Y": 0.04190819020622232,
            "0.0400Y": 0.04184773564202585,
            "0.0833Y": 0.04171374805418569,
            "0.2500Y": 0.04116872074961505,
            "0.5000Y": 0.04032278212113984,
            "1.0000Y": 0.03889441743280985
        },
        "q_sample": {
            "0.0200Y": 0.0038,
            "0.0400Y": 0.0038,
            "0.0833Y": 0.0038,
            "0.2500Y": 0.0038,
            "0.5000Y": 0.0038,
            "1.0000Y": 0.0038
        }
    },
    "analytical": {
        "kappa": 2.032161286144997,
        "theta": 0.07966015475871598,
        "xi": 0.6816569742400004,
        "rho": -0.45207311602101896,
        "v0": 0.050582309423670584,
        "lamb": 0.20640652835854154,
        "mu_j": -0.2081506789225951,
        "sigma_j": 0.257444702433209,
        "weighted_obj": 0.18363936309193896,
        "rmse": 0.18340937816807515
    },
    "notes": "Calibrated directly via Monte Carlo"
}