{
    "model": "Bates_MC_Validation",
    "market": {
        "S0": 6908.595595161514,
        "r_sample": {
            "0.0200Y": 0.04193552996879644,
            "0.0400Y": 0.04187822354304467,
            "0.0833Y": 0.04175390738287046,
            "0.2500Y": 0.04127662991389843,
            "0.5000Y": 0.04058985612544402,
            "1.0000Y": 0.0394779815121341
        },
        "q_sample": {
            "0.0200Y": -0.00798774818475988,
            "0.0400Y": -0.0013344446843689753,
            "0.0833Y": 0.012680016825836018,
            "0.2500Y": 0.009660889193909663,
            "0.5000Y": 0.00991570967888612,
            "1.0000Y": 0.009858506691117288
        }
    },
    "analytical": {
        "kappa": 1.1866430024067984,
        "theta": 0.05839738726725069,
        "xi": 1.5655141824557819,
        "rho": -0.43926289369032345,
        "v0": 0.012672089388490694,
        "lamb": 0.495267517093297,
        "mu_j": -0.18594150318604016,
        "sigma_j": 0.029912994205697326,
        "rmse": 12.665467330406724
    },
    "notes": "Includes Bid/Ask/Spread for MC re-simulation"
}