{
    "model": "Bates_MC",
    "market": {
        "S0": 6837.935422887891,
        "r_sample": {
            "0.0200Y": 0.041798936462850655,
            "0.0400Y": 0.04177331238866157,
            "0.0833Y": 0.0417097025322245,
            "0.2500Y": 0.041377877327347344,
            "0.5000Y": 0.04071611296313337,
            "1.0000Y": 0.03939605165389198
        },
        "q_sample": {
            "0.0200Y": 0.061372936131226824,
            "0.0400Y": 0.049547678251793306,
            "0.0833Y": 0.027172643555891454,
            "0.2500Y": 0.015511111589202365,
            "0.5000Y": 0.013356652165902733,
            "1.0000Y": 0.0115955300775858
        }
    },
    "monte_carlo": {
        "kappa": 1.2923366854618776,
        "theta": 0.06509971777981814,
        "xi": 0.8927888078077646,
        "rho": -0.7262995845148466,
        "v0": 0.024693949883946593,
        "lamb": 0.12609841876769343,
        "mu_j": -0.2060762874215952,
        "sigma_j": 0.20680254499444573,
        "weighted_obj": 4.2909124443016164,
        "rmse": 2.8672122957924753
    },
    "notes": "Calibrated directly via Monte Carlo"
}