{
    "model": "Bates",
    "market": {
        "S0": 6894.373552536016,
        "r_sample": {
            "0.0200Y": 0.03729893646285066,
            "0.0400Y": 0.03727331238866157,
            "0.0833Y": 0.037209702532224505,
            "0.2500Y": 0.03687787732734735,
            "0.5000Y": 0.03621611296313337,
            "1.0000Y": 0.03489605165389198
        },
        "q_sample": {
            "0.0200Y": 0.028538911426930987,
            "0.0400Y": 0.022940210911818557,
            "0.0833Y": 0.01152245666343214,
            "0.2500Y": 0.00783787932011337,
            "0.5000Y": 0.005331898038455635,
            "1.0000Y": 0.004588077015364221
        }
    },
    "analytical": {
        "kappa": 1.9311078049134747,
        "theta": 0.029110071674305016,
        "xi": 0.4539499804394548,
        "rho": -0.8512582553203026,
        "v0": 0.020940615711115575,
        "lamb": 0.15043831730634596,
        "mu_j": -0.17988511332563947,
        "sigma_j": 0.13589796499182458,
        "weighted_obj": 14.405830930239773,
        "rmse": 14.405830930239773
    }
}