{
    "model": "Bates_MC_Validation",
    "market": {
        "S0": 6908.662850412429,
        "r_sample": {
            "0.0200Y": 0.04193552996879644,
            "0.0400Y": 0.04187822354304467,
            "0.0833Y": 0.04175390738287046,
            "0.2500Y": 0.04127662991389843,
            "0.5000Y": 0.04058985612544402,
            "1.0000Y": 0.0394779815121341
        },
        "q_sample": {
            "0.0200Y": -0.008348196911760853,
            "0.0400Y": -0.001539586423730312,
            "0.0833Y": 0.012672203653645242,
            "0.2500Y": 0.009661456067292795,
            "0.5000Y": 0.009915251766350466,
            "1.0000Y": 0.00985950612373388
        }
    },
    "analytical": {
        "kappa": 1.76114143981059,
        "theta": 0.03659313223339711,
        "xi": 0.716110512924481,
        "rho": -0.6948837420482522,
        "v0": 0.019577148110508782,
        "lamb": 0.17912886013942428,
        "mu_j": -0.2429370851693025,
        "sigma_j": 0.20406769640342456,
        "rmse": 4.653877117594175
    },
    "notes": "Includes Bid/Ask/Spread for MC re-simulation"
}