{
    "model": "Bates_MC_Validation",
    "market": {
        "S0": 6908.597838460487,
        "r_sample": {
            "0.0200Y": 0.04193552996879644,
            "0.0400Y": 0.04187822354304467,
            "0.0833Y": 0.04175390738287046,
            "0.2500Y": 0.04127662991389843,
            "0.5000Y": 0.04058985612544402,
            "1.0000Y": 0.0394779815121341
        },
        "q_sample": {
            "0.0200Y": -0.008000762090590164,
            "0.0400Y": -0.0013420322527562126,
            "0.0833Y": 0.01267961942633951,
            "0.2500Y": 0.00966093224191903,
            "0.5000Y": 0.00991569459880355,
            "1.0000Y": 0.009858540091962848
        }
    },
    "analytical": {
        "kappa": 1.3996134820608654,
        "theta": 0.06387487070802712,
        "xi": 0.9628433259403445,
        "rho": -0.7534806509558462,
        "v0": 0.022377239078092782,
        "lamb": 0.2875433914901763,
        "mu_j": -0.1367736055173923,
        "sigma_j": 0.10454540138858133,
        "rmse": 4.599283161591598
    },
    "notes": "Includes Bid/Ask/Spread for MC re-simulation"
}