{
    "model": "Bates_MC_Validation",
    "market": {
        "S0": 6908.592557414978,
        "r_sample": {
            "0.0200Y": 0.04193552996879644,
            "0.0400Y": 0.04187822354304467,
            "0.0833Y": 0.04175390738287046,
            "0.2500Y": 0.04127662991389843,
            "0.5000Y": 0.04058985612544402,
            "1.0000Y": 0.0394779815121341
        },
        "q_sample": {
            "0.0200Y": -0.007970152334238256,
            "0.0400Y": -0.0013241844665059493,
            "0.0833Y": 0.012680556787025852,
            "0.2500Y": 0.009660830944917449,
            "0.5000Y": 0.009915730741276767,
            "1.0000Y": 0.009858461729166235
        }
    },
    "analytical": {
        "kappa": 1.3047164733604744,
        "theta": 0.06639987186707924,
        "xi": 0.9583059287085438,
        "rho": -0.7537262646261711,
        "v0": 0.022182464887026042,
        "lamb": 0.31137825439176364,
        "mu_j": -0.1309441073098524,
        "sigma_j": 0.10278563497341622,
        "rmse": 4.644746314565163
    },
    "notes": "Includes Bid/Ask/Spread for MC re-simulation"
}