{
    "model": "Bates_MC_Validation_Analytic",
    "market": {
        "S0": 6923.53831664483,
        "r_sample": {
            "0.0200Y": 0.04190819020622232,
            "0.0400Y": 0.04184773564202585,
            "0.0833Y": 0.04171374805418569,
            "0.2500Y": 0.04116872074961505,
            "0.5000Y": 0.04032278212113984,
            "1.0000Y": 0.03889441743280985
        },
        "q_sample": {
            "0.0200Y": -0.008349779325811872,
            "0.0400Y": -0.0013649456857759822,
            "0.0833Y": 0.012888724676250107,
            "0.2500Y": 0.009866403665592743,
            "0.5000Y": 0.010060080467381405,
            "1.0000Y": 0.009565851364670985
        }
    },
    "parameters": {
        "kappa": 3.363879045751976,
        "theta": 0.0201166816124106,
        "xi": 0.8819694526110246,
        "rho": -0.6796973273174705,
        "v0": 0.018642670193815172,
        "lamb": 0.40312860714840115,
        "mu_j": -0.13688032151524288,
        "sigma_j": 0.12666739345616373,
        "rmse": 19.057505643009353
    },
    "notes": "Calibrated via MC, Verified via Analytic Formula"
}