{
    "model": "Bates_MC_Validation_Analytic",
    "market": {
        "S0": 278.1199951171875,
        "r_sample": {
            "0.0200Y": 0.04190819020622232,
            "0.0400Y": 0.04184773564202585,
            "0.0833Y": 0.04171374805418569,
            "0.2500Y": 0.04116872074961505,
            "0.5000Y": 0.04032278212113984,
            "1.0000Y": 0.03889441743280985
        },
        "q_sample": {
            "0.0200Y": 0.0037,
            "0.0400Y": 0.0037,
            "0.0833Y": 0.0037,
            "0.2500Y": 0.0037,
            "0.5000Y": 0.0037,
            "1.0000Y": 0.0037
        }
    },
    "parameters": {
        "kappa": 1.0522356231070642,
        "theta": 0.16012451711814915,
        "xi": 1.1749009213855715,
        "rho": -0.37943133486264674,
        "v0": 0.033686583326776924,
        "lamb": 0.5109535014995006,
        "mu_j": -0.1767848217840067,
        "sigma_j": 0.11975402896737966,
        "rmse": 0.570770531825181
    },
    "notes": "Calibrated via MC, Verified via Analytic Formula"
}