{
    "model": "Bates_MC_Validation",
    "market": {
        "S0": 6908.644173202126,
        "r_sample": {
            "0.0200Y": 0.04193552996879644,
            "0.0400Y": 0.04187822354304467,
            "0.0833Y": 0.04175390738287046,
            "0.2500Y": 0.04127662991389843,
            "0.5000Y": 0.04058985612544402,
            "1.0000Y": 0.0394779815121341
        },
        "q_sample": {
            "0.0200Y": -0.008251560847330083,
            "0.0400Y": -0.0014851492134392505,
            "0.0833Y": 0.012674337500011736,
            "0.2500Y": 0.00966148451303821,
            "0.5000Y": 0.00991537853113897,
            "1.0000Y": 0.009859228332323673
        }
    },
    "analytical": {
        "kappa": 1.8317429380051369,
        "theta": 0.03480474666218295,
        "xi": 0.9346268369715834,
        "rho": -0.6385468390653934,
        "v0": 0.01716497026062377,
        "lamb": 0.2879316853801392,
        "mu_j": -0.2307587776729455,
        "sigma_j": 0.1225162900325558,
        "rmse": 7.452794003801528
    },
    "notes": "Includes Bid/Ask/Spread for MC re-simulation"
}