{
    "model": "Bates_MC_Validation_Analytic",
    "market": {
        "S0": 278.1199951171875,
        "r_sample": {
            "0.0200Y": 0.04190819020622232,
            "0.0400Y": 0.04184773564202585,
            "0.0833Y": 0.04171374805418569,
            "0.2500Y": 0.04116872074961505,
            "0.5000Y": 0.04032278212113984,
            "1.0000Y": 0.03889441743280985
        },
        "q_sample": {
            "0.0200Y": 0.0037,
            "0.0400Y": 0.0037,
            "0.0833Y": 0.0037,
            "0.2500Y": 0.0037,
            "0.5000Y": 0.0037,
            "1.0000Y": 0.0037
        }
    },
    "parameters": {
        "kappa": 2.91542344020744,
        "theta": 0.08466442077830715,
        "xi": 1.4889365774775207,
        "rho": -0.27607608110477627,
        "v0": 0.002520775776705281,
        "lamb": 0.7997558582028746,
        "mu_j": -0.20536203592708574,
        "sigma_j": 0.08048104924605849,
        "rmse": 0.9046540775346121
    },
    "notes": "Calibrated via MC, Verified via Analytic Formula"
}