{
    "market": {
        "S0": 6923.53831664483,
        "r_sample": {
            "0.0200Y": 0.04190819020622232,
            "0.0400Y": 0.04184773564202585,
            "0.0833Y": 0.04171374805418569,
            "0.2500Y": 0.04116872074961505,
            "0.5000Y": 0.04032278212113984,
            "1.0000Y": 0.03889441743280985
        },
        "q_sample": {
            "0.0200Y": -0.008349779325811872,
            "0.0400Y": -0.0013649456857759822,
            "0.0833Y": 0.012888724676250107,
            "0.2500Y": 0.009866403665592743,
            "0.5000Y": 0.010060080467381405,
            "1.0000Y": 0.009565851364670985
        }
    },
    "models": {
        "Bates": {
            "kappa": 1.4338184521595179,
            "theta": 0.060526834313640004,
            "xi": 0.877219662887758,
            "rho": -0.6975487179440557,
            "v0": 0.02165698098579873,
            "lamb": 0.06137890311061526,
            "mu_j": -0.35340869903820493,
            "sigma_j": 0.04829886677682376,
            "weighted_obj": 2.5025654149958805,
            "rmse": 3.8448003713779864
        },
        "Heston": {
            "kappa": 4.174988112018023,
            "theta": 0.054007529370456796,
            "xi": 1.4274117090295604,
            "rho": -0.7356084727667175,
            "v0": 0.025070329398452607,
            "lamb": 0.0,
            "mu_j": 0.0,
            "sigma_j": 0.0,
            "weighted_obj": 2.1244352596685703,
            "rmse": 3.7053529312941507
        },
        "BS": {
            "kappa": 0.0001,
            "theta": 0.026482380002966887,
            "xi": 0.0001,
            "rho": 0.0,
            "v0": 0.026482380002966887,
            "lamb": 0.0,
            "mu_j": 0.0,
            "sigma_j": 0.0,
            "weighted_obj": 26.570201564530706,
            "rmse": 47.02637982834489
        }
    }
}