{
    "market": {
        "S0": 278.1199951171875,
        "r_sample": {
            "0.0200Y": 0.04190819020622232,
            "0.0400Y": 0.04184773564202585,
            "0.0833Y": 0.04171374805418569,
            "0.2500Y": 0.04116872074961505,
            "0.5000Y": 0.04032278212113984,
            "1.0000Y": 0.03889441743280985
        },
        "q_sample": {
            "0.0200Y": 0.0037,
            "0.0400Y": 0.0037,
            "0.0833Y": 0.0037,
            "0.2500Y": 0.0037,
            "0.5000Y": 0.0037,
            "1.0000Y": 0.0037
        }
    },
    "models": {
        "Bates": {
            "kappa": 1.4873699693700533,
            "theta": 0.08167676295500921,
            "xi": 0.6287199364534853,
            "rho": -0.4235643941915601,
            "v0": 0.05117426242749686,
            "lamb": 0.2502299523155051,
            "mu_j": -0.2064665583341879,
            "sigma_j": 0.23357925142766958,
            "weighted_obj": 1.780841496984947,
            "rmse": 0.1721512499997538
        },
        "Heston": {
            "kappa": 8.178317598113383,
            "theta": 0.08982169429810938,
            "xi": 1.9128488772793346,
            "rho": -0.4924921077802975,
            "v0": 0.061761189253871966,
            "lamb": 0.0,
            "mu_j": 0.0,
            "sigma_j": 0.0,
            "weighted_obj": 2.415236617372281,
            "rmse": 0.21488216975179616
        },
        "BS": {
            "kappa": 0.0001,
            "theta": 0.0663266557953602,
            "xi": 0.0001,
            "rho": 0.0,
            "v0": 0.0663266557953602,
            "lamb": 0.0,
            "mu_j": 0.0,
            "sigma_j": 0.0,
            "weighted_obj": 16.425596926265758,
            "rmse": 1.534207503143505
        }
    }
}